key282303,
key167040,
key527004,
key271530,
key300078,
key820143,
key603631,
key900334,
key244801,
key148330,
key326530,
key100739,
key713063,
key342812,
key370190,
key156350,
key542234,
key147521,
key631334,
key324911,
key7643,
key704234,
key157404,
key650046,
key170931,
key704316,
key702534,
key531624,
key621534,
key624126,
key550173,
key370191,
key190534,
key252742,
key371407,
key172633,
key157324,
key352615,
key522635,
key265217,
key422681,
key503681,
key700592,
key857210,
key811077,
key431835,
key533247,
key162834,
key280446,
key767301,
key317382,
key530493,
key614248,
key209734,
key416365,
key961621,
key30420,
key503683,
key900098,
key337229,
key305963,
key32041,
key773702,
key460268,
key497411,
key148094,
key596070,
key246429,
key261576,
key426249,
key971181,
key255339,
key511866,
key702378,
key362178,
key613278,
key451359,
key180739,
key874306,
key423658,
key686143,
key603478,
key918532,
key574930,
key593641,
key827812,
key774352,
key226909,
key749162,
key430868,
key753860,
key846605,
key937082,
key126956,
key656742,
key935544,
key242949,
key31316,
key134976,
key478623,
key245379,
key585381,
key206985,
key172399,
key145669,
key647833,
key577282,
key596155,
key906790,
key829516,
key952718,
key217679,
key845393,
key863375,
key738635,
key458861,
key825953,
key783428,
key828545,
key781565,
key870909,
key809754,
key466962,
key575907,
key954096,
key574935,
key970458,
key84500,
key396654,
key313989,
key943728,
key926557,
key718792,
key656584,
key839239,
key396736,
key772657,
key379646,
key498149,
key870668,
key459917,
key927287,
key683558,
key980099,
key757268,
key818748,
key807975,
key591786,
key861597,
key775089,
key485595,
key484947,
key39630,
key92443,
key577289,
key12289,
key38741,
key619896,
key817698,
key477499,
key63691,
key19951,
key83293,
key82807,
key386699,
key56565,
key986956,
key66367,
key74467,
key996758,
key999188,
key73658,
key879877,
key45957,
key200372,
key293001,
key889598,
key642031,
key532600,
key105038,
key624212,
key435401,
key443420,
key344601,
key186003,
key273240,
key811323,
key408510,
key435240,
key390205,
key514621,
key614170,
key620731,
key625025,
key450470,
key362504,
key256151,
key532605,
key342741,
key429006,
key363072,
key632235,
key239304,
key892210,
key982201,
key326542,
key730246,
key602753,
key702626,
key335453,
key361535,
key333590,
key316580,
key246434,
key341852,
key158064,
key803229,
key794040,
key720609,
key274219,
key157255,
key324925,
key127852,
key346309,
key508147,
key532285,
key255185,
key314963,
key837701,
key952640,
key460196,
key579150,
key883062,
key250974,
key937170,
key22412,
key773550,
key441567,
key408276,
key777114,
key865242,
key692631,
key746902,
key892135,
key586360,
key917650,
key668332,
key867025,
key982207,
key30513,
key946325,
key549830,
key14152,
key981317,
key963173,
key681861,
key594462,
key792507,
key486651,
key558822,
key794208,
key585633,
key928425,
key909552,
key232996,
key405688,
key596245,
key956048,
key227489,
key495482,
key962366,
key333599,
key139199,
key784329,
key449880,
key673764,
key754764,
key161799,
key586365,
key936609,
key754683,
key764808,
key388482,
key851965,
key758329,
key289906,
key596086,
key964069,
key809764,
key199753,
key919357,
key673847,
key569357,
key790649,
key397556,
key755819,
key489086,
key645983,
key924948,
key39800,
key559719,
key770967,
key809766,
key881289,
key748368,
key30278,
key919198,
key279865,
key909478,
key829369,
key197893,
key935399,
key833987,
key320011,
key78035,
key566769,
key747399,
key211310,
key727798,
key189796,
key74554,
key55843,
key140031,
key75608,
key90755,
key74637,
key39807,
key56818,
key210423,
key122215,
key112091,
key101723,
key59089,
key651030,
key301066,
key201517,
key544111,
key490004,
key507500,
key714050,
key37789,
key113229,
key531720,
key900432,
key463032,
key606403,
key409411,
key383005,
key7822,
key801532,
key437113,
key290260,
key800722,
key704332,
key435251,
key461333,
key507503,
key715025,
key252920,
key98992,
key434280,
key620823,
key523704,
key450805,
key147703,
key560236,
key158071,
key193226,
key238505,
key253490,
key740139,
key316671,
key640185,
key524517,
key193146,
key281275,
key859012,
key233971,
key506536,
key430963,
key862820,
key606167,
key521765,
key274067,
key355148,
key786113,
key828800,
key234944,
key417437,
key829610,
key168119,
key144873,
key691911,
key173547,
key870921,
key283059,
key953541,
key793080,
key234864,
key512937,
key145764,
key243774,
key262567,
key631279,
key775180,
key326395,
key379900,
key148195,
key602929,
key970715,
key520796,
key413957,
key606089,
key839252,
key324938,
key990156,
key298821,
key828480,
key388650,
key513669,
key432588,
key494760,
key891418,
key684625,
key459931,
key783283,
key676363,
key34008,
key40326,
key915880,
key945526,
key649390,
key787009,
key137749,
key916690,
key217778,
key477752,
key862583,
key783527,
key685274,
key377960,
key926735,
key690944,
key233979,
key675393,
key32066,
key576654,
key765465,
key883239,
key22508,
key829536,
key938238,
key596094,
key753964,
key762874,
key927709,
key838528,
key862585,
key30447,
key675395,
key914993,
key639837,
key449973,
key666567,
key694269,
key592857,
key578278,
key576496,
key673858,
key66703,
key593669,
key996933,
key484889,
key81935,
key189889,
key63793,
key221043,
key64847,
key65576,
key986977,
key90849,
key54885,
key750102,
key822111,
key112264,
key454211,
key518120,
key802431,
key560241,
key460611,
key201609,
key164800,
key445222,
key604630,
key238510,
key166501,
key444331,
key253900,
key167231,
key507350,
key471224,
key370460,
key911054,
key525171,
key406830,
key6780,
key443280,
key249123,
key182622,
key740065,
key620752,
key920209,
key814018,
key159134,
key613625,
key185135,
key605282,
key516183,
key514806,
key612492,
key626019,
key609009,
key7593,
key460617,
key971530,
key415825,
key544048,
key530764,
key184409,
key159137,
key552149,
key435428,
key462158,
key316682,
key186029,
key253745,
key532628,
key606257,
key452195,
key513755,
key543158,
key146744,
key948041,
key351594,
key244593,
key611847,
key291087,
key974124,
key192429,
key856431,
key620838,
key962460,
key711558,
key181737,
key863640,
key516267,
key778023,
key265086,
key191538,
key782560,
key9379,
key811189,
key884053,
key227746,
key408296,
key603668,
key961814,
key872390,
key981173,
key991217,
key620679,
key769035,
key772680,
key163677,
key776325,
key676290,
key271569,
key786207,
key853843,
key217786,
key30372,
key658552,
key351598,
key844690,
key589054,
key791635,
key936706,
key596506,
key272299,
key469823,
key874175,
key228398,
key549851,
key649805,
key747491,
key934682,
key459860,
key676454,
key308669,
key764825,
key676292,
key883328,
key138489,
key719871,
key990249,
key818934,
key468690,
key477844,
key685366,
key962548,
key22518,
key753973,
key785077,
key667466,
key668519,
key945458,
key498419,
key84610,
key657827,
key941895,
key838296,
key937359,
key676377,
key818857,
key680995,
key487648,
key478495,
key378865,
key837649,
key686099,
key923996,
key576587,
key359993,
key587279,
key748469,
key298596,
key719796,
key66551,
key81780,
key735997,
key727978,
key889943,
key303022,
key78218,
key38771,
key95067,
key1145,
key67365,
key80973,
key899584,
key85347,
key896992,
key231014,
key978885,
key65909,
key37965,
key82598,
key320119,
key211094,
key731240,
key801710,
key113246,
key222029,
key820341,
key372330,
key526230,
key624402,
key711720,
key391122,
key545104,
key266221,
key195104,
key721361,
key711480,
key245730,
key301089,
key901263,
key352650,
key281532,
key606262,
key634207,
key200488,
key443371,
key461515,
key176233,
key975020,
key409190,
key363182,
key424580,
key541625,
key515462,
key513923,
key148371,
key334833,
key171942,
key381165,
key993003,
key364318,
key526318,
key445237,
key209932,
key703384,
key25030,
key803096,
key505826,
key883412,
key390158,
key248327,
key163763,
key451719,
key794070,
key264447,
key684801,
key148536,
key603756,
key335484,
key515385,
key509067,
key611856,
key541467,
key801559,
key155746,
key847531,
key428149,
key668440,
key325684,
key791641,
key677350,
key414946,
key507449,
key785405,
key962633,
key516359,
key227918,
key577721,
key233993,
key862842,
key947406,
key41072,
key945705,
key955182,
key746850,
key238368,
key891435,
key315967,
key756571,
key866407,
key917923,
key918652,
key674681,
key858146,
key128858,
key928535,
key837815,
key955508,
key566870,
key747743,
key306977,
key487814,
key767183,
key872484,
key568572,
key487653,
key118896,
key31436,
key772692,
key737943,
key748474,
key396934,
key882286,
key676465,
key597166,
key773909,
key747584,
key199862,
key929348,
key198971,
key299735,
key279972,
key935667,
key658809,
key378955,
key22368,
key693559,
key748477,
key933887,
key880589,
key658649,
key988850,
key745967,
key398478,
key649578,
key468787,
key500102,
key86163,
key75553,
key93292,
key95155,
key85516,
key799962,
key86166,
key56925,
key116006,
key71995,
key922003,
key104263,
key536200,
key615500,
key518300,
key366020,
key123219,
key110826,
key714240,
key725013,
key391213,
key301339,
key524620,
key803341,
key519113,
key470270,
key703712,
key624170,
key703470,
key184341,
key257241,
key702661,
key407740,
key723154,
key351770,
key570065,
key703472,
key442490,
key336381,
key373074,
key228651,
key802293,
key460716,
key981510,
key612672,
key424833,
key174705,
key173491,
key317752,
key948220,
key282517,
key239425,
key884230,
key796102,
key336382,
key138905,
key712466,
key183617,
key522764,
key156563,
key137933,
key858230,
key517175,
key254654,
key920069,
key426617,
key270773,
key173574,
key530865,
key869004,
key193419,
key578700,
key873540,
key632439,
key890631,
key793350,
key318727,
key516529,
key858151,
key786142,
key513937,
key703396,
key355339,
key328528,
key533296,
key624178,
key689023,
key687241,
key326584,
key436258,
key783631,
key326665,
key417385,
key954622,
key849403,
key697123,
key794405,
key790760,
key679061,
key516449,
key451487,
key676631,
key955433,
key157296,
key795135,
key432939,
key23423,
key855642,
key973335,
key243966,
key990265,
key776506,
key846733,
key880673,
key585914,
key406778,
key882617,
key949119,
key487824,
key557970,
key792708,
key217968,
key776265,
key856617,
key844791,
key782665,
key876139,
key961918,
key40275,
key317599,
key858319,
key955276,
key127897,
key758285,
key981359,
key586484,
key696239,
key557973,
key395973,
key288891,
key767197,
key501000,
key496658,
key595397,
key755697,
key585678,
key999552,
key592887,
key479569,
key56850,
key93624,
key91761,
key818798,
key140310,
key87065,
key400402,
key501006,
key989919,
key79049,
key301262,
key84396,
key125006,
key201390,
key107106,
key132054,
key54995,
key321028,
key330019,
key211192,
key179000,
key463310,
key553301,
key132057,
key200583,
key447111,
key813150,
key105247,
key470521,
key438202,
key821332,
key528031,
key349103,
key178112,
key265430,
key113186,
key730451,
key544152,
key444441,
key381504,
key703803,
key750216,
key911244,
key427350,
key193503,
key526251,
key832108,
key541642,
key471091,
key7942,
key740254,
key437233,
key427513,
key173740,
key165802,
key507703,
key911083,
key173822,
key266243,
key229712,
key9563,
key721382,
key357125,
key615515,
key612923,
key456107,
key604823,
key275234,
key238460,
key442823,
key554037,
key148551,
key724137,
key417633,
key450843,
key281392,
key713284,
key419335,
key255391,
key352591,
key317680,
key347083,
key804248,
key560195,
key147581,
key174554,
key611792,
key290627,
key544076,
key219671,
key803438,
key342873,
key606366,
key266247,
key981441,
key505764,
key523665,
key193185,
key451737,
key713449,
key406945,
key185329,
key531766,
key163945,
key496900,
key685711,
key271675,
key228907,
key327727,
key882704,
key701867,
key579521,
key348059,
key309584,
key167429,
key509087,
key364259,
key361748,
key283097,
key868124,
key254585,
key184278,
key8679,
key292089,
key961680,
key165486,
key597343,
key318496,
key954472,
key40524,
key990274,
key967109,
key167189,
key35017,
key696245,
key962655,
key568833,
key686607,
key948238,
key849418,
key15255,
key584791,
key783484,
key880766,
key23437,
key594674,
key836783,
key32428,
key398817,
key585846,
key845694,
key696087,
key965088,
key657936,
key927748,
key668548,
key737965,
key88203,
key399385,
key468884,
key93712,
key746958,
key685398,
key676488,
key399468,
key942897,
key469776,
key853878,
key58641,
key59370,
key746959,
key87234,
key739588,
key79134,
key675599,
key108000,
key38961,
key94446,
key67392,
key302403,
key79138,
key996894,
key300541,
key123152,
key116107,
key122182,
key114083,
key310265,
key832112,
key220355,
key112382,
key563030,
key661040,
key840212,
key473203,
key357211,
key930206,
key111818,
key529013,
key110927,
key463404,
key428412,
key167511,
key490053,
key903153,
key111577,
key361831,
key102829,
key704704,
key822073,
key518323,
key175531,
key551371,
key273541,
key120568,
key733216,
key168160,
key339152,
key742046,
key345713,
key711914,
key438215,
key366206,
key806036,
key347172,
key192462,
key266253,
key626217,
key337533,
key164922,
key530881,
key249244,
key893401,
key721717,
key621925,
key70011,
key247381,
key710863,
key284317,
key167354,
key450854,
key406871,
key714266,
key623546,
key800855,
key516546,
key190926,
key229725,
key800694,
key266094,
key589410,
key608319,
key900648,
key255807,
key276057,
key884412,
key515575,
key470539,
key849421,
key235882,
key423964,
key522865,
key614638,
key169057,
key166708,
key955450,
key193357,
key434737,
key253864,
key801586,
key784540,
key945731,
key954560,
key51223,
key218873,
key800939,
key24412,
key16312,
key542549,
key513876,
key336486,
key433767,
key266178,
key362568,
key794344,
key540688,
key962905,
key972706,
key23523,
key966064,
key858173,
key873725,
key137957,
key956426,
key773690,
key992228,
key697064,
key925970,
key846752,
key774825,
key873807,
key478851,
key991419,
key218958,
key767292,
key947517,
key929454,
key676572,
key41183,
key182589,
key964528,
key396880,
key880855,
key866437,
key479824,
key585692,
key686294,
key25066,
key785357,
key929295,
key873567,
key963639,
key890658,
key991179,
key880938,
key956349,
key33249,
key965098,
key909937,
key775477,
key858098,
key478937,
key999813,
key84813,
key691888,
key846598,
key69423,
key675769,
key310510,
key558889,
key49743,
key91945,
key123402,
key85629,
key410063,
key124134,
key124053,
key131424,
key211534,
key987996,
key206027,
key48939,
key204407,
key222146,
key201735,
key903240,
key472401,
key803530,
key120817,
key617311,
key705601,
key713620,
key391402,
key300556,
key490142,
key391403,
key114338,
key840143,
key438141,
key373503,
key630921,
key111828,
key618043,
key461551,
key733063,
key259132,
key670208,
key346370,
key105188,
key256460,
key282542,
key605813,
key149460,
key802482,
key8853,
key614481,
key283272,
key346452,
key444705,
key975300,
key534453,
key273552,
key821193,
key797020,
key363544,
key168172,
key184615,
key473056,
key362572,
key734119,
key371725,
key183724,
key632626,
key263752,
key454265,
key428426,
key813176,
key316970,
key795320,
key810584,
key290726,
key179108,
key544337,
key263834,
key139823,
key44020,
key255816,
key167607,
key238806,
key277038,
key390438,
key409473,
key517284,
key442926,
key129862,
key432883,
key245854,
key981460,
key146953,
key740278,
key291538,
key801757,
key355609,
key615296,
key506918,
key714197,
key431993,
key800786,
key517286,
key157646,
key695450,
key838901,
key390359,
key184539,
key450867,
key497730,
key509187,
key26042,
key463098,
key599304,
key263596,
key61116,
key445198,
key569740,
key631498,
key399802,
key505786,
key499351,
key533489,
key885074,
key61117,
key21670,
key758471,
key868145,
key17053,
key688082,
key517289,
key669290,
key579704,
key782771,
key145985,
key229578,
key956274,
key154896,
key36008,
key973528,
key155788,
key856645,
key309769,
key40707,
key598417,
key676744,
key783907,
key945907,
key11871,
key980494,
key299690,
key867257,
key146798,
key589265,
key792576,
key991269,
key22646,
key594936,
key772894,
key769249,
key567883,
key41439,
key847495,
key396974,
key498548,
key765849,
key765687,
key487695,
key498549,
key773788,
key839399,
key569669,
key67732,
key577688,
key79235,
key143012,
key213402,
key320322,
key396899,
key69274,
key83775,
key770000,
key210570,
key221505,
key420037,
key240218,
key220535,
key920340,
key491202,
key295101,
key463420,
key920260,
key57698,
key133219,
key482050,
key230176,
key483022,
key114266,
key292430,
key716222,
key904142,
key553412,
key105275,
key471602,
key920423,
key741413,
key111837,
key281901,
key372621,
key210819,
key427540,
key434830,
key607360,
key564106,
key300487,
key741253,
key545314,
key643405,
key740525,
key255902,
key616353,
key509352,
key455325,
key149712,
key714606,
key363471,
key272590,
key901555,
key407860,
key360961,
key167452,
key617407,
key263923,
key394009,
key633364,
key832138,
key912166,
key544345,
key740528,
key625508,
key630935,
key550907,
key705455,
key258093,
key164943,
key176526,
key788202,
key515673,
key876330,
key545319,
key137970,
key139752,
key168508,
key779131,
key342982,
key31800,
key820477,
key262792,
key869122,
key435727,
key173774,
key686630,
key184547,
key551396,
key603965,
key652079,
key912089,
key238574,
key527178,
key148908,
key677721,
key880950,
key35042,
key181956,
key356349,
key450958,
key957172,
key776704,
key891562,
key864670,
key668812,
key219946,
key426658,
key428197,
key309937,
key696190,
key599071,
key175397,
key958064,
key882572,
key959117,
key956363,
key689063,
key44035,
key939515,
key487940,
key139838,
key757914,
key955473,
key345579,
key667924,
key748924,
key549,
key678292,
key980827,
key759454,
key219869,
key839564,
key675782,
key60238,
key678374,
key17147,
key389,
key853983,
key739773,
key991197,
key31727,
key909873,
key792586,
key22818,
key22494,
key883549,
key588547,
key79240,
key759458,
key686639,
key972488,
key935957,
key873669,
key855849,
key782868,
key600021,
key402300,
key410400,
key14398,
key497589,
key78354,
key97227,
key898991,
key403032,
key57943,
key500232,
key69445,
key201910,
key304214,
key241116,
key90994,
key430008,
key207015,
key224027,
key213254,
key410084,
key654020,
key202643,
key101960,
key401094,
key108036,
key841050,
key482220,
key220707,
key901720,
key400609,
key840160,
key618221,
key644141,
key517700,
key642521,
key230267,
key214067,
key580313,
key831332,
key357320,
key359102,
key832142,
key113546,
key741503,
key545240,
key560550,
key626241,
key825015,
key551802,
key544351,
key822424,
key366070,
key159520,
key571324,
key484006,
key643333,
key541760,
key148910,
key614660,
key453632,
key717044,
key910715,
key830363,
key365504,
key178151,
key831254,
key670226,
key391262,
key274461,
key371823,
key470724,
key384054,
key249351,
key195243,
key670146,
key448126,
key275191,
key725065,
key547108,
key258424,
key816029,
key911447,
key822266,
key517625,
key611990,
key509363,
key254861,
key902619,
key371907,
key407952,
key285318,
key319662,
key183582,
key286048,
key34401,
key453556,
key383329,
key541765,
key463276,
key956611,
key371665,
key471619,
key285076,
key438409,
key812386,
key164792,
key634187,
key263693,
key777521,
key544439,
key714377,
key948350,
key519329,
key257537,
key543629,
key17312,
key957504,
key262884,
key159285,
key147864,
key507909,
key893191,
key623659,
key976135,
key688505,
key702797,
key24361,
key944871,
key990717,
key25091,
key801699,
key441978,
key668742,
key972736,
key783925,
key34083,
key788137,
key595762,
key794293,
key768617,
key959129,
key588554,
key785627,
key874646,
key856583,
key883718,
key576891,
key819972,
key875539,
key918793,
key389944,
key837956,
key576975,
key774696,
key793488,
key774777,
key578839,
key499378,
key845977,
key766597,
key863797,
key586778,
key92860,
key388976,
key78362,
key21779,
key601004,
key999763,
key77554,
key94807,
key85573,
key242013,
key302440,
key320504,
key104640,
key210750,
key312081,
key115333,
key221524,
key410416,
key203380,
key124325,
key681002,
key161018,
key103752,
key241209,
key410094,
key102942,
key130725,
key314028,
key116227,
key850132,
key572302,
key125137,
key286211,
key232139,
key112664,
key107237,
key671043,
key231168,
key705630,
key211809,
key338620,
key303097,
key112828,
key712840,
key376123,
key285161,
key178160,
key820733,
key753017,
key382604,
key480614,
key196223,
key384062,
key590045,
key551651,
key714705,
key291642,
key537315,
key473406,
key359034,
key238911,
key358062,
key464172,
key348342,
key391353,
key103758,
key443841,
key266532,
key660192,
key168442,
key176542,
key285406,
key732607,
key717056,
key814094,
key879102,
key555057,
key526707,
key820494,
key157752,
key914049,
key165690,
key356607,
key626337,
key714708,
key427806,
key273826,
key813367,
key444574,
key384067,
key454294,
key722566,
key371674,
key702883,
key34411,
key973550,
key381476,
key532784,
key526466,
key984242,
key218990,
key149816,
key293348,
key958160,
key794621,
key967152,
key174927,
key523875,
key963750,
key875703,
key470577,
key424974,
key921099,
key525657,
key533757,
key714549,
key518449,
key281767,
key605848,
key174928,
key786280,
key452758,
key947551,
key972742,
key808,
key138884,
key938480,
key174848,
key248558,
key699044,
key875705,
key868334,
key169259,
key194289,
key258279,
key612978,
key969018,
key506868,
key35145,
key739870,
key877327,
key973717,
key695482,
key956626,
key229769,
key886076,
key975095,
key858293,
key138887,
key785475,
key237789,
key991539,
key983359,
key884458,
key793658,
key792686,
key947477,
key42358,
key95541,
key23568,
key919859,
key313300,
key98055,
key398788,
key675889,
key69544,
key85582,
key411312,
key312331,
key401351,
key133404,
key230604,
key131703,
key107323,
key771001,
key78458,
key69386,
key302533,
key204362,
key203390,
key161108,
key107081,
key220563,
key58859,
key727021,
key205337,
key635411,
key474140,
key211575,
key177600,
key466122,
key636304,
key122557,
key544612,
key518611,
key178411,
key580333,
key529222,
key906115,
key355640,
key133169,
key608441,
key274721,
key114458,
key239810,
key373460,
key555305,
key731643,
key184812,
key185541,
key529143,
key120777,
key562192,
key580093,
key293191,
key239650,
key355561,
key274804,
key824146,
key616705,
key373382,
key272780,
key354752,
key840428,
key447173,
key159704,
key995021,
key545426,
key532952,
key482327,
key552474,
key349245,
key176391,
key714636,
key120699,
key463374,
key563409,
key733266,
key824229,
key841077,
key615573,
key973720,
key812647,
key247591,
key524935,
key178417,
key606745,
key254962,
key259417,
key642385,
key714394,
key867610,
key710992,
key247916,
key354755,
key328592,
key740639,
key291656,
key62041,
key985142,
key537329,
key457139,
key869312,
key883650,
key363666,
key353784,
key470829,
key981660,
key686901,
key606585,
key462648,
key643279,
key641578,
key175585,
key954931,
key254884,
key348277,
key148693,
key957442,
key792850,
key777622,
key263795,
key51190,
key80026,
key426848,
key792932,
key847931,
key817,
key192596,
key237794,
key50543,
key856842,
key335886,
key362859,
key992436,
key264688,
key435598,
key146995,
key767743,
key43416,
key859192,
key599264,
key947645,
key40825,
key758834,
key983528,
key766691,
key957446,
key875394,
key559980,
key27218,
key929826,
key769446,
key939627,
key778519,
key26247,
key866728,
key927883,
key43419,
key947728,
key877258,
key972758,
key859439,
key928938,
key866649,
key785569,
key866569,
key961987,
key829958,
key783869,
key399767,
key403300,
key488868,
key568896,
key600050,
key489598,
key69472,
key89155,
key747989,
key909989,
key89075,
key49953,
key151314,
key48983,
key114460,
key212552,
key736100,
key1637,
key162009,
key210772,
key250058,
key303437,
key566003,
key102962,
key552801,
key203727,
key651621,
key663123,
key726223,
key562522,
key313159,
key910822,
key708322,
key821560,
key374602,
key652514,
key920462,
key339530,
key410198,
key810950,
key722822,
key574025,
key447260,
key608532,
key392262,
key374442,
key382623,
key833307,
key120786,
key538305,
key392505,
key591117,
key157930,
key709054,
key553453,
key920707,
key721771,
key552643,
key382625,
key707192,
key816218,
key730925,
key463625,
key193652,
key814517,
key543815,
key419642,
key248651,
key822374,
key732707,
key491327,
key813383,
key734328,
key523971,
key346743,
key291582,
key380925,
key642393,
key239742,
key706383,
key274491,
key733356,
key105399,
key616636,
key328762,
key43500,
key733195,
key627329,
key831368,
key626276,
key991712,
key723719,
key435764,
key824159,
key376067,
key518385,
key390648,
key16610,
key900867,
key633486,
key849801,
key371775,
key532885,
key948622,
key630976,
key155992,
key552487,
key885605,
key60352,
key624578,
key788324,
key668930,
key797316,
key679704,
key877182,
key801969,
key939633,
key947572,
key51606,
key630898,
key425968,
key246878,
key756980,
key778526,
key450999,
key794484,
key977058,
key689346,
key983376,
key981757,
key685864,
key23665,
key676793,
key27067,
key88510,
key964829,
key964749,
key599439,
key868197,
key759495,
key686838,
key667885,
key696478,
key956488,
key596929,
key14758,
key97504,
key846896,
key882779,
key863987,
key399939,
key919797,
key94832,
key478996,
key95725,
key421212,
key331060,
key69483,
key500432,
key205512,
key126214,
key305144,
key133344,
key202680,
key74995,
key114633,
key220744,
key842140,
key232085,
key656004,
key106455,
key314139,
key132294,
key812820,
key841413,
key570630,
key834204,
key645312,
key203494,
key637132,
key803911,
key322078,
key905161,
key637214,
key356711,
key117149,
key231278,
key661514,
key581243,
key268421,
key382712,
key950036,
key832505,
key646044,
key671316,
key158910,
key187503,
key741543,
key552570,
key590317,
key671236,
key131569,
key104596,
key734173,
key627253,
key801970,
key291670,
key730934,
key364733,
key670508,
key646208,
key454805,
key570392,
key213299,
key547308,
key850329,
key365463,
key287055,
key812583,
key629118,
key896220,
key517743,
key525843,
key810882,
key428643,
key453915,
key169363,
key287218,
key900793,
key362953,
key830566,
key877510,
key814367,
key813719,
key166853,
key734177,
key525683,
key732638,
key810965,
key707366,
key529329,
key734259,
key345945,
key70322,
key551847,
key643539,
key806187,
key447357,
key995125,
key267457,
key643297,
key256927,
key991642,
key537187,
key43512,
key722677,
key985243,
key886423,
key920479,
key875812,
key982733,
key778451,
key526577,
key256847,
key642489,
key177549,
key71216,
key337686,
key990915,
key699315,
key169368,
key849733,
key247939,
key799108,
key516859,
key622969,
key929923,
key44164,
key596690,
key353888,
key60445,
key839690,
key699155,
key798137,
key697535,
key372599,
key954954,
key435699,
key61094,
key687736,
key875494,
key779509,
key678584,
key33637,
key18328,
key71059,
key678665,
key777647,
key965567,
key867639,
key866667,
key98240,
key765984,
key893559,
key18168,
key984199,
key936976,
key881977,
key947668,
key586896,
key667896,
key520201,
key872988,
key89253,
key595969,
key226011,
key999962,
key69814,
key75971,
key403241,
key649999,
key322241,
key510404,
key332125,
key142504,
key232253,
key323054,
key141533,
key940401,
key114561,
key852030,
key396000,
key304344,
key590400,
key690030,
key402273,
key320706,
key136027,
key761230,
key619400,
key208118,
key402277,
key841180,
key619402,
key132547,
key681043,
key232259,
key563270,
key619160,
key572342,
key780107,
key466314,
key650670,
key377214,
key390822,
key268512,
key642570,
key240198,
key826116,
key392443,
key582145,
key481543,
key122668,
key374704,
key563435,
key654155,
key517751,
key663308,
key130769,
key638036,
key265922,
key112787,
key80210,
key339714,
key112869,
key889020,
key831546,
key462672,
key607582,
key257581,
key373573,
key446392,
key705754,
key256771,
key662257,
key644438,
key285446,
key922187,
key539057,
key626456,
key615683,
key552585,
key711993,
key545295,
key449067,
key149772,
key182983,
key167755,
key291766,
key541894,
key604993,
key247783,
key716369,
key287069,
key174965,
key355839,
key429387,
key889026,
key275649,
key730869,
key51542,
key538089,
key418939,
key256777,
key968083,
key16713,
key255967,
key338669,
key35344,
key793691,
key63127,
key90019,
key60536,
key896319,
key784944,
key793854,
key498771,
key869427,
key679806,
key694792,
key869266,
key856792,
key70258,
key849909,
key788268,
key52197,
key886279,
key43368,
key885389,
key597596,
key784868,
key23929,
key973598,
key414101,
key597679,
key497887,
key402600,
key251130,
key323301,
key68933,
key403330,
key600080,
key402521,
key223511,
key251133,
key323304,
key251214,
key75983,
key115621,
key222704,
key501425,
key118052,
key153125,
key203831,
key213471,
key223353,
key403174,
key221572,
key673031,
key130934,
key411275,
key511067,
key305165,
key132716,
key213716,
key501347,
key321365,
key690123,
key320637,
key213717,
key202944,
key78499,
key718311,
key565222,
key905422,
key132394,
key141709,
key913361,
key140738,
key313187,
key708431,
key717503,
key662343,
key458061,
key535821,
key633831,
key672063,
key490542,
key933208,
key565225,
key384514,
key626542,
key714670,
key637315,
key542950,
key843217,
key435950,
key557045,
key725606,
key438623,
key831554,
key529505,
key140498,
key722690,
key752255,
key850427,
key656028,
key615852,
key641691,
key761409,
key287316,
key359244,
key533880,
key860229,
key453690,
key761247,
key582075,
key907128,
key290962,
key545707,
key267553,
key112798,
key493138,
key277354,
key993601,
key409870,
key526592,
key974810,
key625655,
key709166,
key643718,
key195383,
key257672,
key517682,
key197328,
key287238,
key492168,
key542874,
key458068,
key374395,
key449158,
key267394,
key564178,
key194738,
key239693,
key965903,
key336893,
key539069,
key706658,
key18502,
key986072,
key939660,
key794832,
key977244,
key947760,
key517848,
key994173,
key788433,
key964770,
key713788,
key277279,
key625498,
key798235,
key868381,
key445678,
key538099,
key70425,
key319885,
key973843,
key767780,
key698282,
key859472,
key858662,
key788273,
key239939,
key184778,
key869354,
key968418,
key149787,
key868383,
key797427,
key990774,
key274689,
key159588,
key669852,
key959428,
key857692,
key685891,
key768916,
key698366,
key938693,
key26365,
key796376,
key983486,
key499916,
key959349,
key768594,
key679818,
key37059,
key938776,
key687758,
key441001,
key794679,
key767787,
key440110,
key405200,
key99153,
key440031,
key89515,
key244012,
key252112,
key398998,
key405122,
key171032,
key95835,
key77935,
key270015,
key107610,
key401641,
key88629,
key510425,
key240533,
key738000,
key125271,
key4185,
key115470,
key500544,
key401805,
key109072,
key770401,
key221744,
key163019,
key221907,
key161076,
key303717,
key412095,
key223446,
key223527,
key141556,
key770161,
key112882,
key911911,
key458230,
key554540,
key552920,
key656114,
key682034,
key203684,
key384440,
key806450,
key923333,
key733631,
key295502,
key724721,
key501197,
key535830,
key269421,
key104865,
key654333,
key824190,
key491442,
key942126,
key220857,
key840714,
key115638,
key258811,
key629143,
key365731,
key293804,
key655226,
key581354,
key545714,
key481562,
key439361,
key114749,
key627362,
key780128,
key988100,
key383633,
key637407,
key491283,
key186723,
key576009,
key841446,
key158940,
key366624,
key823626,
key123579,
key562725,
key356824,
key626392,
key103897,
key556408,
key56010,
key558109,
key681229,
key248851,
key590266,
key606790,
key797510,
key285545,
key544907,
key825086,
key358607,
key267563,
key911837,
key346943,
key382583,
key714764,
key564347,
key922367,
key662519,
key338844,
key385419,
key368247,
key367437,
key742467,
key337953,
key902685,
key986323,
key369139,
key73104,
key619348,
key395059,
key713956,
key821929,
key920668,
key447548,
key795731,
key652478,
key328883,
key159836,
key607685,
key374568,
key968181,
key885480,
key598902,
key956761,
key61443,
key363877,
key437587,
key362986,
key542888,
key453869,
key958463,
key363959,
key959355,
key983574,
key891882,
key939753,
key515997,
key44354,
key187299,
key28317,
key697807,
key994349,
key966485,
key16818,
key767794,
key669946,
key70359,
key587893,
key262000,
key499929,
key947859,
key243210,
key596888,
key687689,
key945999,
key89607,
key150710,
key316113,
key222720,
key501603,
key332313,
key146013,
key421171,
key241270,
key151360,
key410722,
key152332,
key304451,
key323405,
key151361,
key420443,
key307124,
key109323,
key511407,
key304372,
key303562,
key94877,
key861130,
key915401,
key232283,
key411455,
key123581,
key213815,
key332318,
key212682,
key511329,
key781023,
key300972,
key113781,
key520078,
key313366,
key144238,
key850522,
key931523,
key861053,
key492260,
key817232,
key942215,
key809051,
key357800,
key411458,
key108194,
key216086,
key565241,
key211955,
key447630,
key931443,
key206448,
key383640,
key934116,
key303729,
key744171,
key202885,
key725461,
key365821,
key285712,
key652723,
key581281,
key140839,
key269350,
key572614,
key448603,
key744172,
key902852,
key921563,
key297053,
key629234,
key816182,
key841292,
key716633,
key771146,
key745145,
key205398,
key735507,
key741744,
key843318,
key642762,
key105687,
key764019,
key82100,
key723924,
key377244,
key519642,
key771229,
key932095,
key707725,
key542890,
key902773,
key391906,
key493237,
key723845,
key662366,
key357806,
key921809,
key832385,
key824366,
key628265,
key282881,
key295356,
key840729,
key641874,
key570594,
key364854,
key456708,
key484086,
key448446,
key978312,
key449256,
key276808,
key42900,
key899014,
key644548,
key619519,
key535927,
key717529,
key951,
key681079,
key995324,
key788531,
key581369,
key292928,
key570677,
key72304,
key465377,
key518838,
key609477,
key345984,
key274947,
key974670,
key725469,
key563388,
key519648,
key178396,
key789424,
key509767,
key80082,
key889216,
key874960,
key71172,
key168838,
key348496,
key812789,
key18361,
key965924,
key599481,
key967383,
key993708,
key977508,
key17633,
key995247,
key964872,
key678862,
key779383,
key859735,
key687772,
key258589,
key167788,
key54165,
key977429,
key886709,
key45418,
key879257,
key28085,
key847994,
key954996,
key597949,
key883799,
key668987,
key513112,
key78924,
key137030,
key214710,
key152421,
key226050,
key317013,
key501612,
key611125,
key325033,
key108601,
key162142,
key520081,
key119131,
key410812,
key207341,
key78846,
key251405,
key231803,
key404334,
key216090,
key94885,
key3636,
key250434,
key601408,
key405226,
key3637,
key412192,
key602219,
key216173,
key601328,
key585012,
key152184,
key260157,
key950241,
key504048,
key762240,
key242419,
key20013,
key574240,
key558202,
key492430,
key2587,
key241609,
key601087,
key924080,
key420296,
key691124,
key751631,
key109256,
key311838,
key481821,
key833442,
key268710,
key214719,
key852315,
key734541,
key581614,
key916144,
key277621,
key20016,
key922624,
key557071,
key375713,
key592064,
key134288,
key277703,
key709271,
key383732,
key618551,
key637424,
key731951,
key222578,
key383813,
key473480,
key467081,
key736244,
key169730,
key396207,
key575136,
key653382,
key491463,
key475182,
key930483,
key924246,
key536904,
key286533,
key556182,
key393534,
key752445,
key617905,
key616933,
key364780,
key662374,
key472672,
key476317,
key288316,
key660754,
key276572,
key284753,
key537392,
key760628,
key654356,
key976620,
key539418,
key189336,
key978240,
key889140,
key831909,
key823647,
key449184,
key728149,
key266773,
key187474,
key455584,
key957910,
key481747,
key195736,
key607783,
key614993,
key888170,
key893922,
key798504,
key366729,
key708468,
key834099,
key629088,
key474297,
key911778,
key365919,
key553759,
key977272,
key382687,
key267667,
key869461,
key268477,
key438577,
key385199,
key884933,
key884933,
key986507,
key975491,
key796725,
key36191,
key101020,
key687862,
key29064,
key337978,
key52554,
key80094,
key992828,
key63085,
key876755,
key48019,
key987158,
key599816,
key798186,
key16673,
key878619,
key973875,
key991695,
key994368,
key796648,
key696856,
key33766,
key668993,
key794786,
key883968,
key947958,
key991698,
key52398,
key334110,
key947879,
key620121,
key512310,
key342210,
key686897,
key601410,
key305600,
key431070,
key333303,
key424023,
key147004,
key270043,
key360115,
key412604,
key702018,
key522117,
key88576,
key316053,
key332334,
key411553,
key244126,
key406127,
key137126,
key147008,
key404345,
key271019,
key155027,
key216182,
key790032,
key214725,
key2757,
key108453,
key379201,
key171229,
key241456,
key719401,
key143527,
key771241,
key943123,
key825430,
key215374,
key511349,
key814820,
key484421,
key394511,
key565421,
key332258,
key925224,
key680361,
key401676,
key143286,
key662460,
key912912,
key501468,
key206466,
key464821,
key232387,
key818305,
key600289,
key751480,
key458260,
key918016,
key394432,
key619450,
key750670,
key448541,
key401597,
key545822,
key724913,
key574172,
key468224,
key206469,
key573606,
key10064,
key133488,
key941265,
key664407,
key571905,
key817092,
key573444,
key494307,
key738036,
key654444,
key548091,
key813690,
key619453,
key734554,
key105787,
key528733,
key482644,
key706933,
key808507,
key565426,
key564617,
key548093,
key727346,
key672266,
key709283,
key642944,
key429752,
key638246,
key373862,
key807455,
key627635,
key740792,
key177762,
key629094,
key680367,
key471792,
key815475,
key538617,
key555627,
key188616,
key609655,
key815719,
key492529,
key348673,
key724918,
key941189,
key390875,
key637196,
key993722,
key473657,
key644567,
key480947,
key670487,
key536837,
key619458,
key808188,
key997125,
key545748,
key195828,
key987081,
key464668,
key178657,
key626668,
key983680,
key986434,
key543967,
key895390,
key958732,
key984815,
key292868,
key187487,
key959705,
key885672,
key43571,
key993483,
key895473,
key885753,
key977364,
key282987,
key986274,
key178498,
key989029,
key390799,
key194779,
key794792,
key992675,
key18544,
key983928,
key796657,
key15954,
key858784,
key688927,
key958495,
key982796,
key769767,
key41795,
key589948,
key100145,
key442010,
key7130,
key19359,
key6321,
key88743,
key506003,
key602150,
key501630,
key163050,
key97735,
key129030,
key333312,
key242431,
key350161,
key324241,
key314360,
key311930,
key404513,
key403460,
key700244,
key234090,
key162081,
key119151,
key303750,
key410671,
key701137,
key213841,
key361018,
key119315,
key407108,
key209306,
key145235,
key351056,
key950420,
key405164,
key134462,
key305535,
key422337,
key209064,
key137056,
key430276,
key137218,
key751810,
key321655,
key129119,
key241547,
key582440,
key142565,
key144185,
key108383,
key771170,
key422259,
key841803,
key567132,
key754242,
key475521,
key565512,
key584142,
key754081,
key566242,
key492613,
key828115,
key218059,
key162169,
key663524,
key926207,
key216197,
key313478,
key809081,
key907091,
key572724,
key306189,
key617760,
key903771,
key348841,
key920863,
key762184,
key915274,
key911953,
key311779,
key465481,
key653807,
key911873,
key484436,
key904826,
key359291,
key286391,
key760646,
key943058,
key480791,
key130988,
key105797,
key590627,
key484355,
key560981,
key574346,
key912846,
key286554,
key456654,
key645627,
key188706,
key445881,
key571755,
key728247,
key916168,
key38310,
key393475,
key642955,
key822775,
key637366,
key903775,
key843188,
key547457,
key922568,
key606992,
key369095,
key976802,
key724928,
key647088,
key566088,
key390966,
key556449,
key445884,
key562929,
key484279,
key634858,
key555478,
key508986,
key875961,
key17822,
key777870,
key448479,
key537579,
key689580,
key347959,
key779815,
key679942,
key868834,
key27706,
key363998,
key779735,
key888357,
key898077,
key894595,
key82059,
key947893,
key38077,
key688937,
key54196,
key878558,
key599839,
key100316,
key969199,
key589957,
key687968,
key949598,
key531201,
key703003,
key242600,
key414240,
key4390,
key424204,
key217411,
key353005,
key404361,
key155124,
key79927,
key228025,
key156016,
key404605,
key118190,
key303761,
key406145,
key4718,
key502616,
key155046,
key907500,
key312591,
key220981,
key600466,
key692041,
key870241,
key485410,
key226246,
key403474,
key135526,
key244066,
key441059,
key424049,
key207536,
key403637,
key432068,
key475610,
key230945,
key302954,
key484601,
key223817,
key396312,
key10403,
key402666,
key932532,
key313728,
key520197,
key117708,
key240666,
key421459,
key638422,
key682081,
key854206,
key214666,
key323287,
key825451,
key639232,
key279512,
key744452,
key842705,
key752471,
key692045,
key170198,
key312839,
key833633,
key932453,
key549243,
key725823,
key851535,
key826344,
key189603,
key817434,
key188712,
key529560,
key653652,
key293931,
key383841,
key401778,
key463950,
key566253,
key124678,
key661591,
key449290,
key375904,
key377362,
key537904,
key376553,
key732872,
key850484,
key842627,
key661916,
key780095,
key636807,
key736356,
key463872,
key196572,
key618906,
key552891,
key437871,
key834367,
key723883,
key259753,
key735709,
key680548,
key159880,
key178754,
key742595,
key999005,
key197465,
key285755,
key805856,
key472865,
key930678,
key920958,
key391947,
key743569,
key645559,
key911887,
key346994,
key47152,
key993743,
key177947,
key517985,
key958751,
key428885,
key878561,
key437877,
key688941,
key889254,
key788733,
key276769,
key35571,
key957943,
key35572,
key536699,
key599681,
key978356,
key258789,
key984675,
key267699,
key71618,
key887638,
key19293,
key72187,
key100161,
key868848,
key25856,
key599685,
key19538,
key867877,
key44487,
key60849,
key24968,
key237020,
key190040,
key24888,
key710061,
key702042,
key326122,
key172061,
key242450,
key631007,
key4644,
key412470,
key253062,
key306360,
key245043,
key504162,
key432073,
key171092,
key145416,
key332364,
key336009,
key754501,
key639400,
key129136,
key129136,
key321836,
key11302,
key673340,
key142907,
key754340,
key114962,
key116582,
key586103,
key204953,
key330827,
key683061,
key236139,
key748023,
key309039,
key960081,
key925251,
key772081,
key465820,
key925333,
key790225,
key828052,
key737251,
key719350,
key673423,
key582703,
key431188,
key133675,
key962027,
key342089,
key299204,
key832913,
key665243,
key880136,
key481940,
key289241,
key860373,
key871227,
key547470,
key449703,
key392841,
key907434,
key933516,
key565371,
key953118,
key637381,
key709714,
key670834,
key269722,
key376642,
key763417,
key836155,
key572743,
key844256,
key674318,
key930926,
key289244,
key862319,
key761636,
key851465,
key197633,
key626852,
key298154,
key359714,
key583275,
key707691,
key106788,
key618834,
key492474,
key828219,
key473925,
key833646,
key75020,
key475464,
key479109,
key298236,
key741873,
key465906,
key529735,
key375835,
key930928,
key573556,
key419980,
key584329,
key294754,
key745358,
key637628,
key348863,
key889340,
key680477,
key726566,
key999014,
key549339,
key198447,
key468258,
key529818,
key655449,
key556386,
key528684,
key492477,
key519774,
key706965,
key439908,
key996262,
key562948,
key474577,
key993913,
key894931,
key365875,
key159893,
key624995,
key437885,
key977714,
key519695,
key869904,
key815589,
key538569,
key28370,
key72272,
key707859,
key72273,
key111101,
key35904,
key80535,
key428896,
key75109,
key798707,
key436998,
key35744,
key988249,
key893965,
key48138,
key894695,
key55186,
key888539,
key70577,
key27809,
key53486,
key80378,
key43928,
key992868,
key99540,
key18658,
key866996,
key97840,
key976589,
key858897,
key46199,
key99704,
key460021,
key26598,
key96870,
key613112,
key431510,
key506112,
key603150,
key710151,
key405510,
key343302,
key87881,
key515023,
key235331,
key290006,
key242622,
key6516,
key171505,
key711208,
key522154,
key261091,
key322814,
key236306,
key108731,
key360236,
key117803,
key270326,
key890103,
key154335,
key164217,
key240843,
key250806,
key182119,
key880141,
key413536,
key960412,
key133762,
key131980,
key318118,
key143644,
key971104,
key530096,
key513329,
key602186,
key107762,
key243357,
key143565,
key324357,
key816721,
key144538,
key639331,
key493450,
key314719,
key549502,
key594052,
key12042,
key601298,
key511388,
key388151,
key494261,
key20143,
key465911,
key850824,
key934092,
key387180,
key791208,
key377703,
key537921,
key647271,
key576316,
key735643,
key672463,
key828226,
key707941,
key285931,
key119188,
key30028,
key756137,
key481952,
key921782,
key467615,
key385805,
key854309,
key593246,
key388073,
key369362,
key729083,
key764156,
key825393,
key930774,
key358671,
key931746,
key396093,
key584257,
key770476,
key918139,
key459355,
key573809,
key455873,
key486087,
key178773,
key753387,
key942279,
key493539,
key727549,
key387268,
key419992,
key933289,
key886921,
key718478,
key760598,
key518975,
key339965,
key619577,
key628568,
key74305,
key995625,
key66206,
key448587,
key815598,
key61832,
key734598,
key637479,
key895590,
key805798,
key54625,
key887573,
key447698,
key178859,
key293799,
key679890,
key54384,
key15990,
key879556,
key57058,
key71638,
key28709,
key70829,
key72449,
key885877,
key888389,
key966797,
key210019,
key335210,
key868789,
key621060,
key17698,
key6603,
key319012,
key6604,
key260611,
key344122,
key129311,
key181232,
key164141,
key165113,
key602351,
key512280,
key407061,
key980100,
key541117,
key370207,
key237043,
key133931,
key530183,
key162605,
key521354,
key253163,
key685100,
key263127,
key610536,
key160662,
key306624,
key316344,
key270174,
key126562,
key221980,
key943411,
key399010,
key845401,
key262156,
key226436,
key13102,
key21040,
key970142,
key423347,
key87897,
key331493,
key351338,
key595112,
key271149,
key243609,
key236319,
key726900,
key207726,
key943251,
key109393,
key872215,
key412576,
key513097,
key657160,
key649060,
key334168,
key693205,
key573730,
key306385,
key440278,
key450079,
key951352,
key217285,
key861361,
key744560,
key206837,
key404396,
key855125,
key593414,
key855044,
key693045,
key475722,
key501597,
key954027,
key458550,
key206676,
key727632,
key649305,
key638451,
key744562,
key389053,
key564580,
key718642,
key772264,
key774127,
key305578,
key655463,
key646472,
key653924,
key817706,
key952085,
key387191,
key473942,
key846057,
key119199,
key401889,
key169950,
key837147,
key179751,
key627681,
key942528,
key818517,
key179832,
key565474,
key744727,
key942529,
key629545,
key680818,
key13029,
key349852,
key561991,
key12219,
key456934,
key457826,
key178862,
key755096,
key386708,
key725693,
key808637,
key888630,
key716784,
key673287,
key549438,
key934188,
key898431,
key393837,
key49041,
key674179,
key917098,
key472975,
key49203,
key725695,
key466496,
key554786,
key899162,
key888713,
key709577,
key383958,
key377559,
key878751,
key449649,
key898191,
key903978,
key178785,
key968742,
key609787,
key968905,
key268939,
key896734,
key53580,
key992882,
key447869,
key63544,
key967853,
key168987,
key61682,
key886855,
key275989,
key858992,
key26935,
key71485,
key879728,
key599792,
key985757,
key987377,
key34873,
key985838,
key977739,
key879486,
key36494,
key100352,
key90198,
key34956,
key100515,
key53668,
key975799,
key19569,
key787798,
key96970,
key939999,
key326231,
key165203,
key710414,
key89682,
key621315,
key342270,
key900117,
key407313,
key236323,
key603415,
key351344,
key793001,
key421733,
key361307,
key710094,
key872301,
key89687,
key792112,
key411934,
key952411,
key181084,
key133942,
key216805,
key254066,
key521366,
key425138,
key748211,
key963104,
key332474,
key3866,
key421737,
key746511,
key764412,
key135645,
key108915,
key600585,
key126492,
key12302,
key728610,
key304855,
key763441,
key861613,
key719701,
key233737,
key836341,
key954034,
key568313,
key700298,
key960191,
key477350,
key241919,
key30043,
key746270,
key933542,
key853271,
key404568,
key952173,
key576414,
key838044,
key909243,
key960435,
key756316,
key851491,
key298423,
key936217,
key485614,
key475651,
key933706,
key397081,
key835454,
key842825,
key862184,
key827516,
key771383,
key14008,
key791066,
key11092,
key971129,
key206849,
key565805,
key946019,
key388172,
key575445,
key563781,
key675075,
key661953,
key709743,
key838209,
key913782,
key922693,
key806782,
key754294,
key747409,
key729508,
key558437,
key999041,
key756158,
key665276,
key275990,
key557384,
key528953,
key548475,
key764178,
key574638,
key11096,
key842748,
key289519,
key842587,
key369628,
key369709,
key824929,
key377728,
key75132,
key682369,
key295676,
key47350,
key568079,
key904796,
key760859,
key198395,
key825579,
key82425,
key457759,
key485299,
key969481,
key63390,
key618949,
key661879,
key966970,
key894961,
key889615,
key985763,
key91417,
key202011,
key120201,
key92146,
key80645,
key80646,
key130004,
key102060,
key18763,
key968837,
key19574,
key795984,
key797929,
key51975,
key974996,
key39179,
key796798,
key37399,
key507030,
key603502,
key18689,
key263221,
key800333,
key8243,
key371114,
key722006,
key412911,
key237222,
key621243,
key460215,
key217701,
key156223,
key612253,
key621082,
key172423,
key532225,
key98928,
key236171,
key413804,
key605127,
key226614,
key315633,
key710427,
key414616,
key151771,
key252292,
key601807,
key413482,
key929011,
key980122,
key227263,
key108841,
key236092,
key252535,
key838130,
key216815,
key620357,
key260636,
key434219,
key181418,
key443048,
key503637,
key214872,
key512466,
key334509,
key404736,
key332646,
key137194,
key944404,
key305674,
key808810,
key226456,
key181258,
key932821,
key139057,
key324628,
key503638,
key262097,
key846233,
key755432,
key154367,
key402956,
key240875,
key790343,
key503639,
key171377,
key145619,
key145457,
key399113,
key227429,
key646730,
key146349,
key459702,
key133794,
key827280,
key738423,
key414297,
key851904,
key863163,
key808731,
key953074,
key873208,
key568243,
key116947,
key558361,
key225487,
key188921,
key673706,
key673706,
key971219,
key199451,
key584363,
key907715,
key591572,
key815780,
key469262,
key765317,
key331679,
key748065,
key960609,
key772365,
key685128,
key760782,
key917193,
key753573,
key477606,
key197670,
key746527,
key842755,
key862195,
key93201,
key475663,
key729193,
key595057,
key807844,
key77001,
key393935,
key49300,
key950486,
key674519,
key862196,
key692096,
key715991,
key367935,
key765159,
key661884,
key961179,
key564765,
key845268,
key739158,
key188845,
key466675,
key495349,
key637909,
key850939,
key851587,
key83241,
key339992,
key646658,
key369638,
key54730,
key994923,
key20099,
key889542,
key278595,
key297387,
key482877,
key815788,
key82191,
key799714,
key654679,
key73524,
key663589,
key751879,
key268958,
key564689,
key699923,
key177995,
key468299,
key999218,
key120210,
key707898,
key29624,
key989094,
key537798,
key989175,
key61862,
key37563,
key949892,
key103204,
key35945,
key16992,
key997199,
key101424,
key280400,
key551103,
key158010,
key432600,
key505501,
key426202,
key534014,
key820106,
key610560,
key517005,
key272304,
key7281,
key6633,
key372015,
key234720,
key147403,
key271252,
key335242,
key138331,
key219251,
key802046,
key336216,
key430662,
key255054,
key241770,
key460146,
key891111,
key317262,
key874021,
key282109,
key255055,
key530374,
key413492,
key782411,
key228326,
key587201,
key502835,
key157127,
key442166,
key253436,
key622067,
key946032,
key964014,
key96997,
key162636,
key604086,
key720159,
key309408,
key781521,
key852640,
key234646,
key935341,
key479230,
key430747,
key241855,
key790351,
key342376,
key403855,
key314918,
key125864,
key826802,
key906911,
key861632,
key663911,
key680840,
key233675,
key845270,
key252629,
key234566,
key825750,
key771642,
key936153,
key313947,
key250848,
key674362,
key666424,
key852805,
key11352,
key10623,
key241777,
key880426,
key774073,
key556750,
key565822,
key213994,
key744751,
key488143,
key477532,
key393941,
key755282,
key971309,
key496406,
key828506,
key854345,
key719723,
key467570,
key556671,
key557805,
key946119,
key225579,
key829236,
key304878,
key369643,
key808582,
key943528,
key918175,
key459715,
key557725,
key643990,
key639535,
key312898,
key845518,
key727663,
key289534,
key493655,
key665375,
key738437,
key725882,
key468707,
key279734,
key727908,
key108699,
key299418,
key84302,
key398238,
key387708,
key396618,
key771729,
key663675,
key829239,
key73610,
key582838,
key842767,
key555784,
key106999,
key466684,
key986750,
key629576,
key581948,
key73531,
key717866,
key582596,
key46720,
key807938,
key539909,
key726938,
key950498,
key842849,
key466848,
key979380,
key999063,
key566478,
key36920,
key581949,
key583488,
key465795,
key833778,
key285975,
key92163,
key654688,
key92406,
key637597,
key825598,
key491797,
key635978,
key977843,
key113010,
key449679,
key80825,
key969744,
key886962,
key661899,
key877891,
key92328,
key996638,
key897496,
key81396,
key54747,
key887939,
key779886,
key18866,
key515230,
key703232,
key603441,
key603441,
key714006,
key522360,
key265024,
key129430,
key414712,
key523172,
key170660,
key350723,
key219422,
key171552,
key354207,
key820119,
key6807,
key362226,
key99757,
key317271,
key620373,
key511914,
key541318,
key408316,
key703156,
key313951,
key603283,
key182164,
key272156,
key512726,
key253364,
key775130,
key252554,
key510863,
key380129,
key550148,
key237164,
key99759,
key164508,
key695022,
key720087,
key659220,
key611467,
key332584,
key433186,
key828511,
key531277,
key503575,
key665701,
key757231,
key674530,
key674611,
key404836,
key763711,
key567610,
key667241,
key759014,
key450278,
key126683,
key262277,
key790280,
key309257,
key137537,
key228176,
key216593,
key961272,
key306909,
key262278,
key479241,
key665541,
key946044,
key737631,
key450198,
key892018,
key303994,
key744760,
key144667,
key234577,
key251749,
key296830,
key695107,
key736661,
key206795,
key737714,
key781454,
key487424,
key639704,
key752942,
key906680,
key549633,
key496254,
key414399,
key774165,
key322788,
key682554,
key594507,
key681663,
key197850,
key790284,
key331698,
key861646,
key853465,
key905872,
key692275,
key727753,
key935356,
key484591,
key647725,
key459563,
key680855,
key925475,
key816854,
key188943,
key737718,
key539916,
key388609,
key484676,
key547775,
key986921,
key279827,
key755459,
key573776,
key666197,
key465885,
key860679,
key187974,
key752787,
key528984,
key547858,
key547939,
key818398,
key486379,
key46731,
key66090,
key47622,
key644978,
key59125,
key627887,
key995592,
key196969,
key55563,
key29562,
key359698,
key64473,
key979394,
key995918,
key210060,
key869963,
key63746,
key37664,
key202205,
key56295,
key64476,
key796985,
key889568,
key46576,
key976887,
key28596,
key958987,
key810321,
key623131,
key354211,
key185002,
key622402,
key257011,
key164510,
key6650,
key370412,
key415610,
key804006,
key111168,
key613413,
key167022,
key200187,
key611550,
key371305,
key354133,
key362314,
key514432,
key260660,
key550073,
key710534,
key892100,
key88992,
key810407,
key190190,
key601913,
key607016,
key406623,
key434406,
key612282,
key145642,
key404680,
key322870,
key147505,
key810328,
key232960,
key157063,
key712238,
key522536,
key154472,
key703328,
key405491,
key413673,
key781620,
key418047,
key126690,
key511764,
key166137,
key712077,
key935520,
key146617,
key603619,
key407437,
key409138,
key406627,
key700496,
key892025,
key209393,
key775223,
key139328,
key928232,
key880523,
key422909,
key951803,
key415376,
key520596,
key647811,
key991008,
key242847,
key762912,
key352197,
key941680,
key117784,
key684505,
key119809,
key727921,
key638821,
key134795,
key744770,
key512579,
key909362,
key235478,
key695117,
key162579,
key495615,
key771906,
key574671,
key223977,
key693255,
key559362,
key919326,
key13073,
key692526,
key745582,
key755383,
key871294,
key673816,
key718771,
key783409,
key928157,
key107987,
key223898,
key491972,
key917546,
key746717,
key494807,
key663692,
key961367,
key843593,
key685157,
key922892,
key753764,
key479093,
key279753,
key12428,
key881178,
key856068,
key727683,
key942577,
key907828,
key648709,
key477475,
key394936,
key86104,
key832985,
key288584,
key817919,
key726794,
key559286,
key753768,
key670986,
key772479,
key68123,
key83432,
key969841,
key295957,
key457795,
key469459,
key593389,
key644986,
key737489,
key287778,
key122102,
key976892,
key969926,
key49093,
key93157,
key888684,
key887955,
key56465,
key1018,
key1019,
key689993,
key986696,
key49339,
key57278,
key28766,
key878886,
key968797,
key112226,
key427120,
key184201,
key920006,
key451340,
key523430,
key181611,
key509013,
key263421,
key256131,
key191250,
key351711,
key641043,
key630190,
key701551,
key292015,
key432550,
key190522,
key515090,
key520760,
key424532,
key425180,
key261803,
key364025,
key355116,
key342642,
key435063,
key421941,
key460092,
key450292,
key506263,
key354226,
key406390,
key731119,
key194008,
key325634,
key325553,
key172463,
key225761,
key543038,
key271445,
key883041,
key542229,
key317535,
key441384,
key444057,
key513475,
key802159,
key236293,
key229327,
key271285,
key412873,
key370186,
key755710,
key594601,
key250954,
key675520,
key510883,
key843920,
key870812,
key604358,
key863603,
key109853,
key890252,
key865223,
key952704,
key918603,
key309357,
key505296,
key926460,
key938206,
key414496,
key322966,
key162586,
key758224,
key147439,
key935614,
key855344,
key147278,
key566822,
key566741,
key548840,
key250958,
key119657,
key377930,
key12514,
key639804,
key942825,
key558723,
key341598,
key965019,
key818571,
key22073,
key459580,
key566824,
key782446,
key565933,
key854374,
key260599,
key385790,
key286970,
key376880,
key745916,
key449861,
key946148,
key449780,
key745593,
key784068,
key772728,
key762684,
key575736,
key854295,
key547792,
key764548,
key988801,
key672694,
key748187,
key496439,
key549656,
key916586,
key748268,
key69103,
key488096,
key559376,
key474893,
key690677,
key738386,
key638757,
key619965,
key817686,
key638838,
key477567,
key961299,
key838179,
key90732,
key547876,
key82633,
key654959,
key672698,
key736769,
key932789,
key48613,
key539778,
key300310,
key55824,
key458779,
key627988,
key978763,
key77209,
key47806,
key896794,
key888775,
key310116,
key46838,
key75269,
key105028,
key869988,
key167200,
key550330,
key282140,
key705203,
key440900,
